mac_model,device,inference_time_ms
M1 Pro,CPU,115.67997932434082
M1 Pro,CPU,109.28177833557129
M1 Pro,CPU,111.24992370605469
