mac_model,device,inference_time_ms
M1 Pro,GPU,3241.5568828582764
M1 Pro,GPU,2798.4988689422607
M1 Pro,GPU,3138.702154159546
