mac_model,device,inference_time_ms
M4,GPU,907.3970317840576
M4,GPU,732.56516456604
M4,GPU,749.871015548706
