mac_model,device,inference_time_ms
M4,CPU,63.72213363647461
M4,CPU,63.43221664428711
M4,CPU,64.72277641296387
