mac_model,device,inference_time_ms
M4,CPU,71.72131538391113
M4,CPU,67.75712966918945
M4,CPU,71.37298583984375
