mac_model,device,inference_time_ms
M2 Pro,GPU,681.8411350250244
M2 Pro,GPU,144.9737548828125
M2 Pro,GPU,142.8048610687256
