mac_model,device,inference_time_ms
M2 Pro,CPU,116.45007133483887
M2 Pro,CPU,114.32600021362305
M2 Pro,CPU,120.08213996887207
