mac_model,device,inference_time_ms
M4,CPU,122.24483489990234
M4,CPU,116.38092994689941
M4,CPU,117.34986305236816
