mac_model,device,inference_time_ms
M1 Pro,CPU,120.73206901550293
M1 Pro,CPU,118.26395988464355
M1 Pro,CPU,121.6428279876709
