mac_model,device,inference_time_ms
M1 Pro,CPU,3326.802968978882
M1 Pro,CPU,3274.832010269165
M1 Pro,CPU,2889.8470401763916
