mac_model,device,inference_time_ms
M1 Pro,GPU,121.62184715270996
M1 Pro,GPU,126.32083892822266
M1 Pro,GPU,126.3580322265625
