mac_model,device,inference_time_ms
M2 Pro,GPU,1102.2601127624512
M2 Pro,GPU,235.3348731994629
M2 Pro,GPU,236.13214492797852
