mac_model,device,inference_time_ms
M2 Pro,GPU,595.1590538024902
M2 Pro,GPU,358.7331771850586
M2 Pro,GPU,404.9849510192871
