mac_model,device,inference_time_ms
M1 Pro,GPU,115.36717414855957
M1 Pro,GPU,111.11593246459961
M1 Pro,GPU,115.79489707946777
