mac_model,device,inference_time_ms
M4,GPU,388.97705078125
M4,GPU,335.4809284210205
M4,GPU,393.60523223876953
M4,GPU,369.4579601287842
