mac_model,device,inference_time_ms
M2 Pro,CPU,108.92915725708008
M2 Pro,CPU,106.99081420898438
M2 Pro,CPU,105.69906234741211
