mac_model,device,inference_time_ms
M2 Pro,CPU,1864.353895187378
M2 Pro,CPU,1832.338809967041
M2 Pro,CPU,1838.9010429382324
M1 Pro,CPU,3326.802968978882
M1 Pro,CPU,3274.832010269165
M1 Pro,CPU,2889.8470401763916
