mac_model,device,inference_time_ms
M4,GPU,171.77796363830566
M4,GPU,141.2811279296875
M4,GPU,144.17600631713867
