mac_model,device,inference_time_ms
M4,GPU,481.9178581237793
M4,GPU,87.52107620239258
M4,GPU,86.69686317443848
