mac_model,device,inference_time_ms
M2 Pro,CPU,116.45007133483887
M2 Pro,CPU,114.32600021362305
M2 Pro,CPU,120.08213996887207
M1 Pro,CPU,120.73206901550293
M1 Pro,CPU,118.26395988464355
M1 Pro,CPU,121.6428279876709
