mac_model,device,inference_time_ms
M1 Pro,GPU,209.93900299072266
M1 Pro,GPU,195.27101516723633
M1 Pro,GPU,196.1369514465332
