mac_model,device,inference_time_ms
M4,CPU,2186.040163040161
M4,CPU,2074.747085571289
M4,CPU,1982.2471141815186
