mac_model,device,inference_time_ms
M2 Pro,CPU,1864.353895187378
M2 Pro,CPU,1832.338809967041
M2 Pro,CPU,1838.9010429382324
