mac_model,device,inference_time_ms
M1 Pro,CPU,207.9627513885498
M1 Pro,CPU,201.34878158569336
M1 Pro,CPU,197.66497611999512
